Image Name,Image Path
Abu Dhabi.jpg,C:\Users\HP\Pictures\SRS Project\project\updated new image\Abu Dhabi.jpg
Accra.jpg,C:\Users\HP\Pictures\SRS Project\project\updated new image\Accra.jpg
Addis Ababa.jpg,C:\Users\HP\Pictures\SRS Project\project\updated new image\Addis Ababa.jpg
Adelaide.jpg,C:\Users\HP\Pictures\SRS Project\project\updated new image\Adelaide.jpg
Ahmedabad.jpg,C:\Users\HP\Pictures\SRS Project\project\updated new image\Ahmedabad.jpg
Alexandria.jpg,C:\Users\HP\Pictures\SRS Project\project\updated new image\Alexandria.jpg
Algiers.jpg,C:\Users\HP\Pictures\SRS Project\project\updated new image\Algiers.jpg
Amman.jpg,C:\Users\HP\Pictures\SRS Project\project\updated new image\Amman.jpg
Amsterdam.jpg,C:\Users\HP\Pictures\SRS Project\project\updated new image\Amsterdam.jpg
Antananarivo.jpg,C:\Users\HP\Pictures\SRS Project\project\updated new image\Antananarivo.jpg
Aswan.jpg,C:\Users\HP\Pictures\SRS Project\project\updated new image\Aswan.jpg
Athens.jpg,C:\Users\HP\Pictures\SRS Project\project\updated new image\Athens.jpg
Auckland.jpg,C:\Users\HP\Pictures\SRS Project\project\updated new image\Auckland.jpg
Australia.jpg,C:\Users\HP\Pictures\SRS Project\project\updated new image\Australia.jpg
Baku.jpg,C:\Users\HP\Pictures\SRS Project\project\updated new image\Baku.jpg
Bali.jpg,C:\Users\HP\Pictures\SRS Project\project\updated new image\Bali.jpg
Bangalore.jpg,C:\Users\HP\Pictures\SRS Project\project\updated new image\Bangalore.jpg
Bangkok.jpg,C:\Users\HP\Pictures\SRS Project\project\updated new image\Bangkok.jpg
Barcelona.jpg,C:\Users\HP\Pictures\SRS Project\project\updated new image\Barcelona.jpg
Beijing.jpg,C:\Users\HP\Pictures\SRS Project\project\updated new image\Beijing.jpg
Beirut.jpg,C:\Users\HP\Pictures\SRS Project\project\updated new image\Beirut.jpg
Berlin.jpg,C:\Users\HP\Pictures\SRS Project\project\updated new image\Berlin.jpg
Bilbao.jpg,C:\Users\HP\Pictures\SRS Project\project\updated new image\Bilbao.jpg
Bogotá.jpg,C:\Users\HP\Pictures\SRS Project\project\updated new image\Bogotá.jpg
Bordeaux.jpg,C:\Users\HP\Pictures\SRS Project\project\updated new image\Bordeaux.jpg
Bratislava.jpg,C:\Users\HP\Pictures\SRS Project\project\updated new image\Bratislava.jpg
Brisbane.jpg,C:\Users\HP\Pictures\SRS Project\project\updated new image\Brisbane.jpg
Brussels.jpg,C:\Users\HP\Pictures\SRS Project\project\updated new image\Brussels.jpg
Budapest.jpg,C:\Users\HP\Pictures\SRS Project\project\updated new image\Budapest.jpg
Buenos Aires.jpg,C:\Users\HP\Pictures\SRS Project\project\updated new image\Buenos Aires.jpg
Cairo.jpg,C:\Users\HP\Pictures\SRS Project\project\updated new image\Cairo.jpg
Cancun.jpg,C:\Users\HP\Pictures\SRS Project\project\updated new image\Cancun.jpg
Cape Town.jpg,C:\Users\HP\Pictures\SRS Project\project\updated new image\Cape Town.jpg
Caracas.jpg,C:\Users\HP\Pictures\SRS Project\project\updated new image\Caracas.jpg
Casablanca.jpg,C:\Users\HP\Pictures\SRS Project\project\updated new image\Casablanca.jpg
Chennai.jpg,C:\Users\HP\Pictures\SRS Project\project\updated new image\Chennai.jpg
Chicago.jpg,C:\Users\HP\Pictures\SRS Project\project\updated new image\Chicago.jpg
Colombo.jpg,C:\Users\HP\Pictures\SRS Project\project\updated new image\Colombo.jpg
Copenhagen.jpg,C:\Users\HP\Pictures\SRS Project\project\updated new image\Copenhagen.jpg
Dakar.jpg,C:\Users\HP\Pictures\SRS Project\project\updated new image\Dakar.jpg
Dar es Salaam.jpg,C:\Users\HP\Pictures\SRS Project\project\updated new image\Dar es Salaam.jpg
Dhaka.jpg,C:\Users\HP\Pictures\SRS Project\project\updated new image\Dhaka.jpg
Doha.jpg,C:\Users\HP\Pictures\SRS Project\project\updated new image\Doha.jpg
Dubai.jpg,C:\Users\HP\Pictures\SRS Project\project\updated new image\Dubai.jpg
Dublin.jpg,C:\Users\HP\Pictures\SRS Project\project\updated new image\Dublin.jpg
Edinburgh.jpg,C:\Users\HP\Pictures\SRS Project\project\updated new image\Edinburgh.jpg
Fes.jpg,C:\Users\HP\Pictures\SRS Project\project\updated new image\Fes.jpg
Florence.jpg,C:\Users\HP\Pictures\SRS Project\project\updated new image\Florence.jpg
Frankfurt.jpg,C:\Users\HP\Pictures\SRS Project\project\updated new image\Frankfurt.jpg
Gdansk.jpg,C:\Users\HP\Pictures\SRS Project\project\updated new image\Gdansk.jpg
Geneva.jpg,C:\Users\HP\Pictures\SRS Project\project\updated new image\Geneva.jpg
Giza.jpg,C:\Users\HP\Pictures\SRS Project\project\updated new image\Giza.jpg
Granada.jpg,C:\Users\HP\Pictures\SRS Project\project\updated new image\Granada.jpg
Guatemala City.jpg,C:\Users\HP\Pictures\SRS Project\project\updated new image\Guatemala City.jpg
Hanoi.jpg,C:\Users\HP\Pictures\SRS Project\project\updated new image\Hanoi.jpg
Havana.jpg,C:\Users\HP\Pictures\SRS Project\project\updated new image\Havana.jpg
Hawaii.jpg,C:\Users\HP\Pictures\SRS Project\project\updated new image\Hawaii.jpg
Helsinki.jpg,C:\Users\HP\Pictures\SRS Project\project\updated new image\Helsinki.jpg
Ho Chi Minh City.jpg,C:\Users\HP\Pictures\SRS Project\project\updated new image\Ho Chi Minh City.jpg
Hong Kong.jpg,C:\Users\HP\Pictures\SRS Project\project\updated new image\Hong Kong.jpg
Honolulu.jpg,C:\Users\HP\Pictures\SRS Project\project\updated new image\Honolulu.jpg
Hyderabad.jpg,C:\Users\HP\Pictures\SRS Project\project\updated new image\Hyderabad.jpg
Istanbul.jpg,C:\Users\HP\Pictures\SRS Project\project\updated new image\Istanbul.jpg
Jakarta.jpg,C:\Users\HP\Pictures\SRS Project\project\updated new image\Jakarta.jpg
Jerusalem.jpg,C:\Users\HP\Pictures\SRS Project\project\updated new image\Jerusalem.jpg
Johannesburg.jpg,C:\Users\HP\Pictures\SRS Project\project\updated new image\Johannesburg.jpg
Karachi.jpg,C:\Users\HP\Pictures\SRS Project\project\updated new image\Karachi.jpg
Kigali.jpg,C:\Users\HP\Pictures\SRS Project\project\updated new image\Kigali.jpg
Kingston.jpg,C:\Users\HP\Pictures\SRS Project\project\updated new image\Kingston.jpg
Krakow.jpg,C:\Users\HP\Pictures\SRS Project\project\updated new image\Krakow.jpg
Kuala Lumpur.jpg,C:\Users\HP\Pictures\SRS Project\project\updated new image\Kuala Lumpur.jpg
Kuwait City.jpg,C:\Users\HP\Pictures\SRS Project\project\updated new image\Kuwait City.jpg
Kyoto.jpg,C:\Users\HP\Pictures\SRS Project\project\updated new image\Kyoto.jpg
Lagos.jpg,C:\Users\HP\Pictures\SRS Project\project\updated new image\Lagos.jpg
Lima.jpg,C:\Users\HP\Pictures\SRS Project\project\updated new image\Lima.jpg
Lisbon.jpg,C:\Users\HP\Pictures\SRS Project\project\updated new image\Lisbon.jpg
London.jpg,C:\Users\HP\Pictures\SRS Project\project\updated new image\London.jpg
Los Angeles.jpg,C:\Users\HP\Pictures\SRS Project\project\updated new image\Los Angeles.jpg
Luanda.jpg,C:\Users\HP\Pictures\SRS Project\project\updated new image\Luanda.jpg
Luxor.jpg,C:\Users\HP\Pictures\SRS Project\project\updated new image\Luxor.jpg
Lyon.jpg,C:\Users\HP\Pictures\SRS Project\project\updated new image\Lyon.jpg
Madrid.jpg,C:\Users\HP\Pictures\SRS Project\project\updated new image\Madrid.jpg
Malaga.jpg,C:\Users\HP\Pictures\SRS Project\project\updated new image\Malaga.jpg
Manama.jpg,C:\Users\HP\Pictures\SRS Project\project\updated new image\Manama.jpg
Manila.jpg,C:\Users\HP\Pictures\SRS Project\project\updated new image\Manila.jpg
Marrakech.jpg,C:\Users\HP\Pictures\SRS Project\project\updated new image\Marrakech.jpg
Marseille.jpg,C:\Users\HP\Pictures\SRS Project\project\updated new image\Marseille.jpg
Melbourne.jpg,C:\Users\HP\Pictures\SRS Project\project\updated new image\Melbourne.jpg
Mexico City.jpg,C:\Users\HP\Pictures\SRS Project\project\updated new image\Mexico City.jpg
Miami.jpg,C:\Users\HP\Pictures\SRS Project\project\updated new image\Miami.jpg
Montreal.jpg,C:\Users\HP\Pictures\SRS Project\project\updated new image\Montreal.jpg
Mumbai.jpg,C:\Users\HP\Pictures\SRS Project\project\updated new image\Mumbai.jpg
Munich.jpg,C:\Users\HP\Pictures\SRS Project\project\updated new image\Munich.jpg
Muscat.jpg,C:\Users\HP\Pictures\SRS Project\project\updated new image\Muscat.jpg
Nairobi.jpg,C:\Users\HP\Pictures\SRS Project\project\updated new image\Nairobi.jpg
Naples.jpg,C:\Users\HP\Pictures\SRS Project\project\updated new image\Naples.jpg
New York City.jpg,C:\Users\HP\Pictures\SRS Project\project\updated new image\New York City.jpg
New York.jpg,C:\Users\HP\Pictures\SRS Project\project\updated new image\New York.jpg
Nice.jpg,C:\Users\HP\Pictures\SRS Project\project\updated new image\Nice.jpg
Nouakchott.jpg,C:\Users\HP\Pictures\SRS Project\project\updated new image\Nouakchott.jpg
Nur-Sultan.jpg,C:\Users\HP\Pictures\SRS Project\project\updated new image\Nur-Sultan.jpg
Oslo.jpg,C:\Users\HP\Pictures\SRS Project\project\updated new image\Oslo.jpg
Paris.jpg,C:\Users\HP\Pictures\SRS Project\project\updated new image\Paris.jpg
Perth.jpg,C:\Users\HP\Pictures\SRS Project\project\updated new image\Perth.jpg
Phnom Penh.jpg,C:\Users\HP\Pictures\SRS Project\project\updated new image\Phnom Penh.jpg
Phuket.jpg,C:\Users\HP\Pictures\SRS Project\project\updated new image\Phuket.jpg
Porto.jpg,C:\Users\HP\Pictures\SRS Project\project\updated new image\Porto.jpg
Prague.jpg,C:\Users\HP\Pictures\SRS Project\project\updated new image\Prague.jpg
Pune.jpg,C:\Users\HP\Pictures\SRS Project\project\updated new image\Pune.jpg
Quito.jpg,C:\Users\HP\Pictures\SRS Project\project\updated new image\Quito.jpg
Rabat.jpg,C:\Users\HP\Pictures\SRS Project\project\updated new image\Rabat.jpg
Reykjavik.jpg,C:\Users\HP\Pictures\SRS Project\project\updated new image\Reykjavik.jpg
Rio de Janeiro.jpg,C:\Users\HP\Pictures\SRS Project\project\updated new image\Rio de Janeiro.jpg
Riyadh.jpg,C:\Users\HP\Pictures\SRS Project\project\updated new image\Riyadh.jpg
Rome.jpg,C:\Users\HP\Pictures\SRS Project\project\updated new image\Rome.jpg
Salzburg.jpg,C:\Users\HP\Pictures\SRS Project\project\updated new image\Salzburg.jpg
San Francisco.jpg,C:\Users\HP\Pictures\SRS Project\project\updated new image\San Francisco.jpg
San Salvador.jpg,C:\Users\HP\Pictures\SRS Project\project\updated new image\San Salvador.jpg
Santiago.jpg,C:\Users\HP\Pictures\SRS Project\project\updated new image\Santiago.jpg
Sao Paulo.jpg,C:\Users\HP\Pictures\SRS Project\project\updated new image\Sao Paulo.jpg
Seoul.jpg,C:\Users\HP\Pictures\SRS Project\project\updated new image\Seoul.jpg
Seville.jpg,C:\Users\HP\Pictures\SRS Project\project\updated new image\Seville.jpg
Shanghai.jpg,C:\Users\HP\Pictures\SRS Project\project\updated new image\Shanghai.jpg
Sharm El-Sheikh.jpg,C:\Users\HP\Pictures\SRS Project\project\updated new image\Sharm El-Sheikh.jpg
Singapore.jpg,C:\Users\HP\Pictures\SRS Project\project\updated new image\Singapore.jpg
Split.jpg,C:\Users\HP\Pictures\SRS Project\project\updated new image\Split.jpg
Stockholm.jpg,C:\Users\HP\Pictures\SRS Project\project\updated new image\Stockholm.jpg
Sydney.jpg,C:\Users\HP\Pictures\SRS Project\project\updated new image\Sydney.jpg
São Paulo.jpg,C:\Users\HP\Pictures\SRS Project\project\updated new image\São Paulo.jpg
Tallinn.jpg,C:\Users\HP\Pictures\SRS Project\project\updated new image\Tallinn.jpg
Tashkent.jpg,C:\Users\HP\Pictures\SRS Project\project\updated new image\Tashkent.jpg
Tegucigalpa.jpg,C:\Users\HP\Pictures\SRS Project\project\updated new image\Tegucigalpa.jpg
Tel Aviv.jpg,C:\Users\HP\Pictures\SRS Project\project\updated new image\Tel Aviv.jpg
Thessaloniki.jpg,C:\Users\HP\Pictures\SRS Project\project\updated new image\Thessaloniki.jpg
Tokyo.jpg,C:\Users\HP\Pictures\SRS Project\project\updated new image\Tokyo.jpg
Toronto.jpg,C:\Users\HP\Pictures\SRS Project\project\updated new image\Toronto.jpg
Tripoli.jpg,C:\Users\HP\Pictures\SRS Project\project\updated new image\Tripoli.jpg
Tunis.jpg,C:\Users\HP\Pictures\SRS Project\project\updated new image\Tunis.jpg
Ulaanbaatar.jpg,C:\Users\HP\Pictures\SRS Project\project\updated new image\Ulaanbaatar.jpg
Valencia.jpg,C:\Users\HP\Pictures\SRS Project\project\updated new image\Valencia.jpg
Vancouver.jpg,C:\Users\HP\Pictures\SRS Project\project\updated new image\Vancouver.jpg
Venice.jpg,C:\Users\HP\Pictures\SRS Project\project\updated new image\Venice.jpg
Victoria.jpg,C:\Users\HP\Pictures\SRS Project\project\updated new image\Victoria.jpg
Vienna.jpg,C:\Users\HP\Pictures\SRS Project\project\updated new image\Vienna.jpg
Vientiane.jpg,C:\Users\HP\Pictures\SRS Project\project\updated new image\Vientiane.jpg
Warsaw.jpg,C:\Users\HP\Pictures\SRS Project\project\updated new image\Warsaw.jpg
Yangon.jpg,C:\Users\HP\Pictures\SRS Project\project\updated new image\Yangon.jpg
Yerevan.jpg,C:\Users\HP\Pictures\SRS Project\project\updated new image\Yerevan.jpg
Zurich.jpg,C:\Users\HP\Pictures\SRS Project\project\updated new image\Zurich.jpg
